Time[sec],Pressure_sf[Pa],Temperature_sf[K]
0.0,4957603.839707679,-2473508.7760188137
0.005005005005005005,5074471.608414638,-2531880.77998732
0.01001001001001001,5368970.630512465,-2678977.4459484145
0.015015015015015015,5140484.719103379,-2564852.696719001
0.02002002002002002,4958524.223713411,-2473968.4778544395
0.025025025025025023,5131680.273282326,-2560455.0807993636
0.03003003003003003,5113178.314656737,-2551213.7956688134
0.035035035035035036,5386972.3167067105,-2687969.0838000556
0.04004004004004004,5346514.447729738,-2667760.859289833
0.04504504504504504,4912133.031559892,-2450797.6451608907
0.050050050050050046,5129690.817741748,-2559461.3945735623
0.055055055055055056,5248340.02936505,-2618724.2327811597
0.06006006006006006,5245954.922836995,-2617532.9142625746
0.06506506506506507,4956306.427482188,-2472860.760943825
0.07007007007007007,5364417.075535293,-2676702.9993857224
0.07507507507507508,4903190.370207672,-2446331.101455877
0.08008008008008008,5230533.577792038,-2609830.231997732
0.08508508508508508,4964336.041807084,-2476871.2927618804
0.09009009009009009,5084480.938014248,-2536880.1782292766
0.09509509509509509,4940938.055167956,-2465184.7672996665
0.10010010010010009,5129679.841266,-2559455.9120827895
0.10510510510510511,5048217.496700731,-2518767.562853682
0.11011011011011011,4924596.654648658,-2457022.7922400236
0.11511511511511512,4950517.820310206,-2469969.541633232
0.12012012012012012,4984615.094943767,-2487000.037176192
0.12512512512512514,5227135.198631837,-2608132.804802184
0.13013013013013014,5368825.217549399,-2678904.813887253
0.13513513513513514,5267676.340407495,-2628382.388429914
0.14014014014014015,5021657.225150996,-2505501.463847285
0.14514514514514515,4941095.584333726,-2465263.447842929
0.15015015015015015,5181924.127032153,-2585550.770003524
0.15515515515515516,5048916.81875834,-2519116.8547991463
0.16016016016016016,5232087.310279571,-2610606.292673353
0.16516516516516516,5044711.448037919,-2517016.3893057797
0.17017017017017017,5374803.523970994,-2681890.9083129037
0.17517517517517517,5291803.716521311,-2640433.6245934926
0.18018018018018017,5397173.454923971,-2693064.4433361855
0.18518518518518517,5138484.1670874655,-2563853.4671679675
0.19019019019019018,5026331.62589616,-2507836.1911711954
0.19519519519519518,5034826.12008254,-2512078.9470905545
0.20020020020020018,5306764.171260938,-2647906.1452786163
0.20520520520520522,4975458.600115811,-2482426.6554507613
0.21021021021021022,4993116.339555179,-2491246.1459872806
0.21521521521521522,4950776.702016677,-2470098.8445110694
0.22022022022022023,5169847.415568837,-2579518.709155497
0.22522522522522523,5064372.607219294,-2526836.598396307
0.23023023023023023,5110668.16391088,-2549960.0368506475
0.23523523523523523,4985957.711266689,-2487670.6322578243
0.24024024024024024,4931474.512467916,-2460458.047078295
0.24524524524524524,5043524.593825937,-2516423.5888656555
0.2502502502502503,5386250.490975471,-2687608.539747095
0.2552552552552553,5274795.413703858,-2631938.2480364633
0.2602602602602603,5105902.381533015,-2547579.6461678897
0.2652652652652653,5177287.845669429,-2583235.045076213
0.2702702702702703,4946191.5606676815,-2467808.71809957
0.2752752752752753,5105621.879532425,-2547439.5423774747
0.2802802802802803,5059372.0935598165,-2524338.977232242
0.2852852852852853,4988300.617174951,-2488840.8410960957
0.2902902902902903,5293721.996848421,-2641391.775971432
0.2952952952952953,5361182.203404938,-2675087.2198250466
0.3003003003003003,5294146.494818382,-2641603.806171369
0.3053053053053053,5382626.1431745365,-2685798.2180597335
0.3103103103103103,5166267.70040457,-2577730.718881935
0.3153153153153153,5140282.208244912,-2564751.5472107106
0.3203203203203203,5271445.626156141,-2630265.0841375305
0.3253253253253253,5217609.734807274,-2603375.0158094177
0.3303303303303303,5338136.741272308,-2663576.3043072303
0.3353353353353353,5105970.880477439,-2547613.8596918765
0.34034034034034033,5317433.875485288,-2653235.50766519
0.34534534534534533,5120065.317252742,-2554653.6864456455
0.35035035035035034,5083237.024075776,-2536258.8754816283
0.35535535535535534,5094459.591970813,-2541864.2599477153
0.36036036036036034,4938904.44275562,-2464169.0461177807
0.36536536536536535,5265971.262204935,-2627530.7303799256
0.37037037037037035,5058058.93806984,-2523683.091839826
0.37537537537537535,5216301.137374979,-2602721.3964983416
0.38038038038038036,5275251.750981345,-2632166.181059072
0.38538538538538536,5139929.350654148,-2564575.302978362
0.39039039039039036,4950044.5640140595,-2469733.1657244577
0.39539539539539537,4932421.914436,-2460931.242172083
0.40040040040040037,5192616.899591714,-2590891.588885909
0.40540540540540543,5134567.172008873,-2561897.0191365206
0.41041041041041043,5061659.579219602,-2525481.5142149534
0.41541541541541543,5205317.817197977,-2597235.4421552625
0.42042042042042044,5170309.964468491,-2579749.7423703014
0.42542542542542544,5076067.653030074,-2532677.962164536
0.43043043043043044,5369001.211988596,-2678992.721035426
0.43543543543543545,5035106.321617653,-2512218.8997756867
0.44044044044044045,5278485.523083193,-2633781.3977401797
0.44544544544544545,5317514.30199759,-2653275.679561598
0.45045045045045046,4903657.144171766,-2446564.238467749
0.45545545545545546,5369131.384955668,-2679057.7408992574
0.46046046046046046,5127783.962984845,-2558508.965684994
0.46546546546546547,5019934.813084126,-2504641.169367126
0.47047047047047047,5381321.4619387295,-2685146.5443482683
0.4754754754754755,4958140.946992337,-2473777.0436093626
0.4804804804804805,4963334.975589461,-2476371.292479058
0.4854854854854855,5299377.870911963,-2644216.7987016095
0.4904904904904905,5101568.9374197535,-2545415.198791772
0.4954954954954955,4983477.395129302,-2486431.7915903125
0.5005005005005005,5057053.257743205,-2523180.7819756013
0.5055055055055055,5333031.176773151,-2661026.143160627
0.5105105105105106,5134682.286424614,-2561954.5161013836
0.5155155155155156,4913115.434980985,-2451288.321260519
0.5205205205205206,5051378.609793914,-2520346.4512532777
0.5255255255255256,5343581.508609904,-2666295.8941133115
0.5305305305305306,5154954.428111701,-2572079.988403441
0.5355355355355356,5347326.435374019,-2668166.436694598
0.5405405405405406,4945508.081488275,-2467467.3429583195
0.5455455455455456,5106812.667872597,-2548034.311639376
0.5505505505505506,5215778.587582186,-2602460.3929261332
0.5555555555555556,5093901.15918963,-2541585.336960447
0.5605605605605606,5173996.602115382,-2581591.138872127
0.5655655655655656,5341093.594098603,-2665053.2132996344
0.5705705705705706,5006710.631386562,-2498036.0823767087
0.5755755755755756,5112603.2832793,-2550926.581551089
0.5805805805805806,5288587.652134095,-2638827.2505359086
0.5855855855855856,5321259.911630095,-2655146.558525425
0.5905905905905906,5199994.248698445,-2594576.4256218965
0.5955955955955956,5212180.1507481225,-2600663.043299178
0.6006006006006006,5060941.809535655,-2525123.007715651
0.6056056056056056,5063721.644675504,-2526511.460159397
0.6106106106106106,5187530.532958876,-2588351.0531684076
0.6156156156156156,5298046.736321505,-2643551.9171599597
0.6206206206206206,5215176.274751095,-2602159.5492671016
0.6256256256256256,5058147.624973876,-2523727.388529429
0.6306306306306306,5133717.4416252235,-2561472.5986563186
0.6356356356356356,5005112.926559315,-2497238.07677359
0.6406406406406406,5303523.770648368,-2646287.613300207
0.6456456456456456,5143015.428536779,-2566116.7279535476
0.6506506506506506,5226724.565239084,-2607927.7010972765
0.6556556556556556,5062796.734063264,-2526049.4922874426
0.6606606606606606,5316541.079963272,-2652789.5690498254
0.6656656656656657,5328408.401605008,-2658717.129906872
0.6706706706706707,4912322.172847783,-2450892.114605332
0.6756756756756757,4942956.751806613,-2466193.0387737686
0.6806806806806807,5205448.239656625,-2597300.5855958844
0.6856856856856857,5121412.8020413965,-2555326.7227031924
0.6906906906906907,5281395.0738282595,-2635234.67155262
0.6956956956956957,5014258.8325527655,-2501806.1841116934
0.7007007007007007,5265660.914708359,-2627375.717010337
0.7057057057057057,5061591.350659398,-2525447.435897568
0.7107107107107107,5102785.7987712445,-2546022.9906238327
0.7157157157157157,5069560.098331265,-2529427.611109475
0.7207207207207207,5102469.568054172,-2545865.0412768815
0.7257257257257257,5393598.585976357,-2691278.833935012
0.7307307307307307,4920176.832349355,-2454815.2434621067
0.7357357357357357,4978078.836855694,-2483735.380990773
0.7407407407407407,5317108.989693259,-2653073.231846528
0.7457457457457457,5226620.52352633,-2607875.734207633
0.7507507507507507,4953327.141453666,-2471372.7051223796
0.7557557557557557,5006757.947970125,-2498059.7155919624
0.7607607607607607,5062469.876727888,-2525886.235886435
0.7657657657657657,4987003.366905839,-2488192.9047834976
0.7707707707707707,5207312.100068257,-2598231.547129736
0.7757757757757757,5022542.371010162,-2505943.568391352
0.7807807807807807,5131681.977525766,-2560455.9320289437
0.7857857857857857,5133438.659955573,-2561333.353731613
0.7907907907907907,5301185.1150726,-2645119.4898913223
0.7957957957957957,5006765.377056511,-2498063.426197949
0.8008008008008007,5222840.437670998,-2605987.6523856954
0.8058058058058059,4932380.272502144,-2460910.443439942
0.8108108108108109,5376113.301984729,-2682545.1274024197
0.8158158158158159,5345429.317069351,-2667218.850504252
0.8208208208208209,5247396.901239655,-2618253.1569327773
0.8258258258258259,4935252.677354943,-2462345.1123604625
0.8308308308308309,5243348.254876302,-2616230.930048834
0.8358358358358359,5098093.5743521005,-2543679.3422188642
0.8408408408408409,5260220.209648546,-2624658.1768490826
0.8458458458458459,4940986.390660738,-2465208.9092596
0.8508508508508509,5345816.479997122,-2667412.233392535
0.8558558558558559,5137606.582127135,-2563415.133802809
0.8608608608608609,4977461.084383946,-2483426.833098355
0.8658658658658659,5275794.026912072,-2632437.0390496915
0.8708708708708709,4966946.337537878,-2478175.0515278457
0.8758758758758759,5091985.591433239,-2540628.5596531727
0.8808808808808809,5109779.85873136,-2549516.350247575
0.8858858858858859,5025525.113327194,-2507433.3614999005
0.8908908908908909,5392828.896196895,-2690894.3820730057
0.8958958958958959,5007079.230559052,-2498220.1866183574
0.9009009009009009,4997228.425273079,-2493300.007029779
0.9059059059059059,5327698.36990424,-2658362.478831212
0.9109109109109109,4944070.029882255,-2466749.084043186
0.9159159159159159,5294229.030873847,-2641645.031661272
0.9209209209209209,5184040.134456923,-2586607.671520451
0.9259259259259259,5325824.409104784,-2657426.461284877
0.9309309309309309,5259041.786704234,-2624069.574710118
0.9359359359359359,5310164.770871044,-2649604.694824619
0.9409409409409409,5214700.171324409,-2601921.744787651
0.9459459459459459,5091478.7142838985,-2540375.3874582616
0.950950950950951,5204566.30891625,-2596860.078636764
0.955955955955956,5342530.000409538,-2665770.6794605167
0.960960960960961,4920278.0697223535,-2454865.808025893
0.965965965965966,5127160.897525673,-2558197.7592525673
0.970970970970971,5182009.782764273,-2585593.5532484716
0.975975975975976,5101189.428574559,-2545225.6436242466
0.980980980980981,5066566.831545843,-2527932.554440817
0.985985985985986,4898963.158823556,-2444219.760092709
0.990990990990991,5213819.660272232,-2601481.9465284543
0.995995995995996,5388384.825700496,-2688674.6166551723
1.001001001001001,5341649.874366282,-2665331.068004184
1.006006006006006,4926765.493269404,-2458106.0527053187
1.011011011011011,5171125.037790067,-2580156.85396882
1.016016016016016,5395021.929340504,-2691989.778887228
1.021021021021021,5087916.926051082,-2538596.365546789
1.026026026026026,5318292.924024138,-2653664.5901807086
1.031031031031031,5225143.505644687,-2607137.9914581487
1.0360360360360361,5283090.440296626,-2636081.4800332896
1.0410410410410411,5394494.2548613865,-2691726.211056226
1.0460460460460461,4921966.410403766,-2455709.075841487
1.0510510510510511,5122419.933465571,-2555829.7606981527
1.0560560560560561,5272743.919104891,-2630913.560090915
1.0610610610610611,5069746.105743327,-2529520.516850175
1.0660660660660661,5130532.56796941,-2559881.8289792086
1.0710710710710711,5003691.449829405,-2496528.0919289007
1.0760760760760761,5343136.490654124,-2666073.6134331767
1.0810810810810811,4919832.581421017,-2454643.302042777
1.0860860860860861,5304357.711205595,-2646704.1541738706
1.0910910910910911,5231150.439487864,-2610138.34300527
1.0960960960960962,4915916.2427226305,-2452687.226916078
1.1011011011011012,5379078.833221946,-2684026.3765305034
1.1061061061061062,5185408.582488137,-2587291.182852471
1.1111111111111112,5028948.384118553,-2509143.1863566153
1.1161161161161162,4903809.002890974,-2446640.0865054363
1.1211211211211212,5102677.155993017,-2545968.7262683194
1.1261261261261262,5058613.889131036,-2523960.274765173
1.1311311311311312,4969536.775288959,-2479468.892232419
1.1361361361361362,5113555.5244469745,-2551402.20274823
1.1411411411411412,5212321.442401849,-2600733.615736337
1.1461461461461462,4943078.291167324,-2466253.743627687
1.1511511511511512,5028891.371629458,-2509114.7102604443
1.1561561561561562,5143396.480154572,-2566307.0545125334
1.1611611611611612,5364722.2242022855,-2676855.4174853032
1.1661661661661662,5191959.307933181,-2590563.1352788494
1.1711711711711712,5144426.998512279,-2566821.774875661
1.1761761761761762,4937489.094778603,-2463462.1274133306
1.1811811811811812,5209175.04757529,-2599162.052858952
1.1861861861861862,5253253.551005452,-2621178.450805108
1.1911911911911912,4974455.327042686,-2481925.552317595
1.1961961961961962,5286175.246689951,-2637622.2919309507
1.2012012012012012,5079115.782823099,-2534200.422944733
1.2062062062062062,5010809.167935085,-2500083.178975137
1.2112112112112112,5377783.995734735,-2683379.619879493
1.2162162162162162,5120376.021194273,-2554808.875586679
1.2212212212212212,5379859.187745938,-2684416.1548102903
1.2262262262262262,5322596.033592764,-2655813.932686827
1.2312312312312312,5032933.4593462255,-2511133.6170739215
1.2362362362362362,5335327.0001177685,-2662172.8760442548
1.2412412412412412,5099079.496803437,-2544171.7856599162
1.2462462462462462,5266143.871437918,-2627616.945798954
1.2512512512512513,5313954.94004885,-2651497.8293066826
1.2562562562562563,4941938.051844915,-2465684.232176545
1.2612612612612613,5280090.125597168,-2634582.8708432075
1.2662662662662663,5038165.005951913,-2513746.6257406697
1.2712712712712713,4942024.865286143,-2465727.592587914
1.2762762762762763,5015529.585736615,-2502440.887786458
1.2812812812812813,5361307.857893482,-2675149.982715183
1.2862862862862863,5146855.974388867,-2568034.993015699
1.2912912912912913,4930222.487427491,-2459832.703184406
1.2962962962962963,5360800.4475789005,-2674896.5374334757
1.3013013013013013,5173247.0213568825,-2581216.739290915
1.3063063063063063,5049957.408317228,-2519636.60043077
1.3113113113113113,5301939.282669669,-2645496.1852737586
1.3163163163163163,5246428.388295917,-2617769.401861447
1.3213213213213213,5387556.962538394,-2688261.108012621
1.3263263263263263,4979709.743982932,-2484549.9678039667
1.3313313313313313,5010027.877194456,-2499692.9475158146
1.3363363363363363,5044653.891554105,-2516987.6414523274
1.3413413413413413,5251477.876704689,-2620291.5324465362
1.3463463463463463,5235461.960695731,-2612291.8686286635
1.3513513513513513,5205940.584329559,-2597546.5020377096
1.3563563563563563,5050269.459964221,-2519792.4615870304
1.3613613613613613,5062354.934842537,-2525828.825523978
1.3663663663663663,5008339.236034845,-2498849.521651966
1.3713713713713713,5127994.810004755,-2558614.278779606
1.3763763763763763,4958229.935219041,-2473821.4903309965
1.3813813813813813,5285794.9459357755,-2637432.33770711
1.3863863863863863,5373974.301816187,-2681476.7214032398
1.3913913913913913,4982215.149097894,-2485801.3391329274
1.3963963963963963,5254143.110274349,-2621622.7702109534
1.4014014014014013,4968308.716978915,-2478855.516387164
1.4064064064064064,5044558.051778158,-2516939.772165861
1.4114114114114114,5038741.55822142,-2514034.597281418
1.4164164164164164,5332842.876720983,-2660932.089828313
1.4214214214214214,4953436.976499406,-2471427.5641229604
1.4264264264264264,4973225.969925763,-2481311.5274364445
1.4314314314314314,5370870.8979164455,-2679926.6072120843
1.4364364364364364,5280604.303879196,-2634839.6946374723
1.4414414414414414,5274068.570957262,-2631575.201967772
1.4464464464464464,5059999.676145311,-2524652.4376679417
1.4514514514514514,5329316.349232302,-2659170.637303027
1.4564564564564564,5162497.286062827,-2575847.479194882
1.4614614614614614,5076854.417156114,-2533070.93013702
1.4664664664664664,5037727.572839489,-2513528.1402930925
1.4714714714714714,5158237.452869984,-2573719.7863362473
1.4764764764764764,5035341.943835404,-2512336.586364847
1.4814814814814814,5180156.378481043,-2584667.816693321
1.4864864864864864,5204814.512406174,-2596984.0513662775
1.4914914914914914,5242206.889712455,-2615660.8385862666
1.4964964964964964,5278621.909216908,-2633849.520411678
1.5015015015015014,5137354.1171405455,-2563289.0333956857
1.5065065065065064,5145583.667652036,-2567399.5047350274
1.5115115115115114,5156510.27760246,-2572857.100592104
1.5165165165165164,5267566.920775858,-2628327.735149336
1.5215215215215214,4969921.167987048,-2479660.884106537
1.5265265265265264,5263415.142410898,-2626253.9915532894
1.5315315315315314,5223492.757226453,-2606313.473689868
1.5365365365365364,4905207.40331831,-2447338.5379203716
1.5415415415415414,5341548.697448975,-2665280.531458644
1.5465465465465464,5155921.325250257,-2572562.931987368
1.5515515515515514,5295823.927283017,-2642441.657945577
1.5565565565565564,5231010.209921439,-2610068.300928883
1.5615615615615615,5106550.997781338,-2547903.6139081107
1.5665665665665665,5087375.8044547625,-2538326.0892390795
1.5715715715715715,4905334.432983369,-2447401.984737864
1.5765765765765765,5321416.557160865,-2655224.800764303
1.5815815815815815,5159195.396389991,-2574198.25794615
1.5865865865865865,5323186.793817487,-2656109.009152376
1.5915915915915915,5046019.494662938,-2517669.722047516
1.5965965965965965,5230662.597272216,-2609894.6748401662
1.6016016016016015,5336595.014860898,-2662806.232463374
1.6066066066066067,5223030.246232424,-2606082.4581769486
1.6116116116116117,4983292.000693672,-2486339.1928565186
1.6166166166166167,5293199.503703979,-2641130.7987027317
1.6216216216216217,5231882.897031643,-2610504.192025279
1.6266266266266267,5064933.402247713,-2527116.7004084033
1.6316316316316317,5240752.441614111,-2614934.3678970993
1.6366366366366367,5332862.159746509,-2660941.7214389904
1.6416416416416417,5037919.0351468185,-2513623.770290417
1.6466466466466467,5038213.65251803,-2513770.923322953
1.6516516516516517,5273149.813487956,-2631116.2976697306
1.6566566566566567,5301439.658442738,-2645246.630476789
1.6616616616616617,5165258.980658684,-2577226.885310425
1.6666666666666667,5342856.61332781,-2665933.8183541866
1.6716716716716717,5366703.045834915,-2677844.8142432575
1.6766766766766767,5232748.008457038,-2610936.2992442506
1.6816816816816818,5368009.675630676,-2678497.460329802
1.6866866866866868,5396504.115102939,-2692730.115096752
1.6916916916916918,5185638.239289188,-2587405.891657646
1.6966966966966968,5204778.059118788,-2596965.843670704
1.7017017017017018,4914748.245263118,-2452103.852922626
1.7067067067067068,5115364.905376994,-2552305.9444422615
1.7117117117117118,5010512.27602705,-2499934.8903042506
1.7167167167167168,4984738.381574553,-2487061.6150085544
1.7217217217217218,5089855.523245074,-2539564.645065624
1.7267267267267268,5174411.7330883695,-2581798.4879399925
1.7317317317317318,5377697.411535641,-2683336.3720561108
1.7367367367367368,5329602.333111569,-2659313.482339459
1.7417417417417418,5360788.401887314,-2674890.5207571606
1.7467467467467468,5095646.359235506,-2542457.0201001125
1.7517517517517518,5052005.828511508,-2520659.7296853415
1.7567567567567568,5049107.291223923,-2519211.990510131
1.7617617617617618,5303912.809096946,-2646481.93220022
1.7667667667667668,5170865.822848582,-2580027.381675524
1.7717717717717718,5104463.725545074,-2546861.073235865
1.7767767767767768,5108387.141338447,-2548820.7222236544
1.7817817817817818,5023889.102733957,-2506616.2216932154
1.7867867867867868,4998276.301607559,-2493823.389351703
1.7917917917917918,5221199.980894678,-2605168.2752861055
1.7967967967967968,5088339.12528301,-2538807.243205313
1.8018018018018018,5258735.221381236,-2623916.450577112
1.8068068068068068,4918576.883553405,-2454016.124489889
1.8118118118118118,5122822.432794185,-2556030.79947521
1.8168168168168168,5197105.442865773,-2593133.5251849866
1.8218218218218218,4913153.71038195,-2451307.4384837486
1.8268268268268268,5393060.987570399,-2691010.3092436753
1.8318318318318318,5145509.283549009,-2567362.351569728
1.8368368368368369,5062388.412415759,-2525845.5466661346
1.8418418418418419,4962344.184505212,-2475876.424346807
1.8468468468468469,5186815.739776251,-2587994.028751338
1.8518518518518519,5039860.811843911,-2514593.6328379232
1.8568568568568569,5243766.580889815,-2616439.876418337
1.8618618618618619,5090010.801420347,-2539642.2025353136
1.8668668668668669,4971000.934324936,-2480200.1929438557
1.8718718718718719,4992390.301560407,-2490883.5123090306
1.8768768768768769,5137368.652652074,-2563296.2935465835
1.8818818818818819,5144920.252748462,-2567068.1441104678
1.8868868868868869,5359616.171925228,-2674305.0061938525
1.8918918918918919,5033669.679168196,-2511501.337839137
1.896896896896897,5375689.118846985,-2682333.2527832426
1.901901901901902,5204401.243288999,-2596777.631625472
1.906906906906907,5341238.82631095,-2665125.7548852344
1.911911911911912,5374388.094712565,-2681683.4061819883
1.916916916916917,4932321.711807741,-2460881.1943614897
1.921921921921922,4923427.40370634,-2456438.7916241693
1.926926926926927,5152272.433789209,-2570740.3922263444
1.931931931931932,5177770.149296487,-2583475.945532998
1.936936936936937,5307943.68859205,-2648495.2967933533
1.941941941941942,4970751.93655783,-2480075.8264975827
1.946946946946947,5119852.640771929,-2554547.4596648463
1.951951951951952,5286176.051446817,-2637622.6938943095
1.956956956956957,4983447.408702856,-2486416.814306159
1.961961961961962,5051555.720805136,-2520434.9133113045
1.966966966966967,5045976.777706819,-2517648.3861200535
1.971971971971972,4948424.517745291,-2468924.006144443
1.976976976976977,5076989.227531896,-2533138.26437459
1.981981981981982,5349425.72910721,-2669215.0071120276
1.986986986986987,5167709.9668342825,-2578451.099680798
1.991991991991992,5273308.741714294,-2631195.679711093
1.996996996996997,5354894.565603383,-2671946.622111046
2.002002002002002,5330418.448139794,-2659721.1206561234
2.007007007007007,5147361.635947145,-2568287.559487301
2.012012012012012,5141498.491799722,-2565359.0528565464
2.017017017017017,5107626.420710595,-2548440.761054775
2.022022022022022,5015760.087211149,-2502556.016472651
2.027027027027027,5022488.366487732,-2505916.594706094
2.032032032032032,5307307.13734714,-2648177.3488241807
2.037037037037037,5353243.0841369685,-2671121.727753203
2.042042042042042,5304781.6565513825,-2646915.9085656935
2.047047047047047,5117208.8628788795,-2553226.9564642
2.052052052052052,5199588.28797871,-2594373.656378609
2.057057057057057,5065409.3396395305,-2527354.4183294275
2.062062062062062,5383544.497408168,-2686256.9257951407
2.067067067067067,5347182.481628181,-2668094.5336441924
2.0720720720720722,5213456.114599224,-2601300.362499707
2.0770770770770772,5268470.715595483,-2628779.1656015227
2.0820820820820822,5214322.839759018,-2601733.2749560107
2.0870870870870872,5380669.731197331,-2684821.0121493204
2.0920920920920922,5146597.062998314,-2567905.672657532
2.0970970970970972,5263454.56571582,-2626273.6828283067
2.1021021021021022,4907175.526185861,-2448321.5456680553
2.1071071071071072,5138454.642672754,-2563838.7204058883
2.1121121121121122,5080410.967622898,-2534847.3338831994
2.1171171171171173,5370516.402780604,-2679749.5410396066
2.1221221221221223,5002810.792118087,-2496088.229960773
2.1271271271271273,5115730.762423654,-2552488.681144378
2.1321321321321323,5369037.906001082,-2679011.0492623863
2.1371371371371373,5223079.70242128,-2606107.160609428
2.1421421421421423,5079939.971124398,-2534612.083438687
2.1471471471471473,5038094.064499173,-2513711.1924940506
2.1521521521521523,5369547.604962113,-2679265.637895516
2.1571571571571573,5029003.61801152,-2509170.7740954123
2.1621621621621623,5364677.640795303,-2676833.1486079176
2.1671671671671673,5241649.66977475,-2615382.517228091
2.1721721721721723,5067082.784185495,-2528190.258945794
2.1771771771771773,4936300.267455658,-2462868.348239448
2.1821821821821823,4964627.3993605515,-2477016.8164711776
2.1871871871871873,4954765.653195764,-2472091.194577254
2.1921921921921923,4973106.056277137,-2481251.6343772872
2.1971971971971973,5097899.217862174,-2543582.2660515285
2.2022022022022023,5145851.586675871,-2567533.324187674
2.2072072072072073,5238617.082450418,-2613867.794555969
2.2122122122122123,5343212.230152528,-2666111.444326741
2.2172172172172173,4939702.66511911,-2464567.731385132
2.2222222222222223,5232813.37843583,-2610968.950345848
2.2272272272272273,4973614.688911571,-2481505.6802298357
2.2322322322322323,5259086.302082104,-2624091.8093800177
2.2372372372372373,5267008.1835718835,-2628048.655246402
2.2422422422422423,5269612.746231709,-2629349.59093158
2.2472472472472473,5139087.84338102,-2564154.989519825
2.2522522522522523,5361287.494298409,-2675139.811346841
2.2572572572572573,5318779.857722495,-2653907.806646767
2.2622622622622623,4919504.027845643,-2454479.200913753
2.2672672672672673,5291237.944711989,-2640151.0303524984
2.2722722722722724,5052608.892434311,-2520960.943483686
2.2772772772772774,5378203.31064099,-2683589.062914521
2.2822822822822824,5299341.096263712,-2644198.430321329
2.2872872872872874,5103885.316395327,-2546572.172262329
2.2922922922922924,5270720.092788565,-2629902.6922012498
2.2972972972972974,5325742.414838041,-2657385.5062845675
2.3023023023023024,4993030.8193199495,-2491203.4312550677
2.3073073073073074,5006432.450881408,-2497897.139554775
2.3123123123123124,4937092.707283527,-2463264.145212793
2.3173173173173174,5342527.007167415,-2665769.1843751315
2.3223223223223224,5359916.156634395,-2674454.844889621
2.3273273273273274,5231944.626839437,-2610535.0249257907
2.3323323323323324,5158705.496198435,-2573953.5636254433
2.3373373373373374,5064003.292320297,-2526652.1355604166
2.3423423423423424,5390344.19653315,-2689653.301198106
2.3473473473473474,5127911.782620336,-2558572.8085665028
2.3523523523523524,5292994.362225977,-2641028.3337014257
2.3573573573573574,5184958.995520859,-2587066.6235019877
2.3623623623623624,5233189.998331347,-2611157.065057965
2.3673673673673674,5208739.581056448,-2598944.5458610263
2.3723723723723724,5341475.3382215,-2665243.88948528
2.3773773773773774,5103704.594789318,-2546481.9063218655
2.3823823823823824,5189157.5607264,-2589163.7199966707
2.3873873873873874,4940964.616696936,-2465198.0338938553
2.3923923923923924,5360195.754005062,-2674594.5003628572
2.3973973973973974,5327303.872315913,-2658165.4327184334
2.4024024024024024,4973644.556170788,-2481520.597978002
2.4074074074074074,5376942.346503988,-2682959.225669537
2.4124124124124124,5025334.988821519,-2507338.3998203776
2.4174174174174174,4972399.246617052,-2480898.605415227
2.4224224224224224,4925542.475562982,-2457495.1972986106
2.4274274274274275,5109212.097848548,-2549232.7676631063
2.4324324324324325,5253871.866050823,-2621487.2884278693
2.4374374374374375,5314394.737221851,-2651717.501655056
2.4424424424424425,5001249.236012084,-2495308.2798799267
2.4474474474474475,5333022.268125158,-2661021.6934112627
2.4524524524524525,5224429.965663732,-2606781.5916496837
2.4574574574574575,4909619.965504021,-2449542.456926717
2.4624624624624625,5303616.18499482,-2646333.7728866306
2.4674674674674675,5154704.795892521,-2571955.30267799
2.4724724724724725,4960094.569186373,-2474752.814379893
2.4774774774774775,4933264.591819641,-2461352.130934925
2.4824824824824825,5020395.040185316,-2504871.03933612
2.4874874874874875,4952270.688181476,-2470845.0414186637
2.4924924924924925,5175752.944726292,-2582468.394609592
2.4974974974974975,5271531.60948695,-2630308.031393125
2.5025025025025025,4977109.215635546,-2483251.085756069
2.5075075075075075,5390908.905502545,-2689935.367255516
2.5125125125125125,5107686.048792199,-2548470.5438080463
2.5175175175175175,5072678.019639137,-2530984.9298716057
2.5225225225225225,5032439.578534481,-2510886.9377359627
2.5275275275275275,4929385.548223866,-2459414.680585522
2.5325325325325325,5066617.289601683,-2527957.7568857465
2.5375375375375375,5067637.538355117,-2528467.3437897204
2.5425425425425425,5146171.319189494,-2567693.0233035954
2.5475475475475475,5192101.095375586,-2590633.9552095537
2.5525525525525525,4900379.49578267,-2444927.169794844
2.5575575575575575,5222365.039160137,-2605750.1998168905
2.5625625625625625,5080661.1042708475,-2534972.2706077946
2.5675675675675675,5135057.359266341,-2562141.8562394744
2.5725725725725725,4959749.511874072,-2474580.469455866
2.5775775775775776,5031288.439635811,-2510311.976834245
2.5825825825825826,5055528.154215994,-2522419.034505559
2.5875875875875876,4912014.529810941,-2450738.457691429
2.5925925925925926,4939942.877384141,-2464687.709352253
2.5975975975975976,5293041.772651255,-2641052.014476752
2.6026026026026026,5204859.086168128,-2597006.315078269
2.6076076076076076,5063699.156090541,-2526500.2277180245
2.6126126126126126,5251739.846276454,-2620422.381671049
2.6176176176176176,5047677.762064354,-2518497.9804103714
2.6226226226226226,5013836.953249251,-2501595.467881591
2.6276276276276276,5222283.330030683,-2605709.387652564
2.6326326326326326,5379440.413802431,-2684206.981947048
2.6376376376376376,4928134.0805573035,-2458789.6152225025
2.6426426426426426,5276551.060341344,-2632815.1649352694
2.6476476476476476,5338198.679358942,-2663607.2415603693
2.6526526526526526,5253321.102370512,-2621212.1915374245
2.6576576576576576,4981891.724965661,-2485639.7988970187
2.6626626626626626,5146781.820073969,-2567997.954619544
2.6676676676676676,5369056.768853775,-2679020.471035117
2.6726726726726726,5038388.4394412255,-2513858.2244427865
2.6776776776776776,5302916.65996719,-2645984.370588665
2.6826826826826826,5398003.047522361,-2693478.816191096
2.6876876876876876,4998734.03618745,-2494052.013854925
2.6926926926926926,5242660.63564513,-2615887.476547361
2.6976976976976976,5086714.61901898,-2537995.844154803
2.7027027027027026,5194215.852972148,-2591690.233543196
2.7077077077077076,5194636.972102795,-2591900.5739958677
2.7127127127127126,5191377.9290697165,-2590272.748424903
2.7177177177177176,5186758.33895633,-2587965.358229605
2.7227227227227226,4981492.435914512,-2485440.366515196
2.7277277277277276,5204710.938216392,-2596932.318108573
2.7327327327327327,4921072.623317945,-2455262.660065142
2.7377377377377377,5225478.638285212,-2607305.3839215096
2.7427427427427427,5245375.718609943,-2617243.6120395544
2.7477477477477477,5124762.924592293,-2557000.0287807775
2.7527527527527527,5040629.725709512,-2514977.683623825
2.7577577577577577,5172237.967413925,-2580712.738439953
2.7627627627627627,5313828.617139881,-2651434.732836289
2.7677677677677677,5054143.891694255,-2521727.6333679925
2.7727727727727727,5178536.318191225,-2583858.6307088304
2.7777777777777777,5213744.048565277,-2601444.1799434396
2.7827827827827827,4983860.996704207,-2486623.388609259
2.7877877877877877,5307041.0290751355,-2648044.4316684394
2.7927927927927927,5296041.398477296,-2642550.2814798323
2.7977977977977977,4925482.248711882,-2457465.1160537787
2.8028028028028027,5360142.5998816835,-2674567.9505268643
2.8078078078078077,4971946.052064936,-2480672.249153498
2.8128128128128127,4950401.594674915,-2469911.490761184
2.8178178178178177,5302302.75581824,-2645677.734659702
2.8228228228228227,5006214.968610884,-2497788.513684042
2.8278278278278277,5166744.441319799,-2577968.8406169554
2.8328328328328327,5078602.401024976,-2533944.00218553
2.8378378378378377,5282124.100872822,-2635598.8089036443
2.8428428428428427,5150304.617202864,-2569757.512086687
2.8478478478478477,5279892.463623332,-2634484.141865129
2.8528528528528527,4940540.303757852,-2464986.103795429
2.8578578578578577,5261438.74743653,-2625266.8157392694
2.8628628628628627,4970690.824603533,-2480045.3030252527
2.8678678678678677,5001762.453545855,-2495564.616513079
2.8728728728728727,4910736.299729283,-2450100.0266232775
2.8778778778778777,5148139.507185007,-2568676.0885409885
2.8828828828828827,5015094.983674496,-2502223.8168858434
2.8878878878878878,5207022.651647941,-2598086.9733382314
2.8928928928928928,4956607.094040942,-2473010.9340717983
2.8978978978978978,5056869.76192484,-2523089.130830156
2.9029029029029028,5065446.837937674,-2527373.147720873
2.9079079079079078,4985943.368141026,-2487663.4683122938
2.9129129129129128,5311571.441082313,-2650307.306093191
2.9179179179179178,5348318.369126239,-2668661.8949131947
2.9229229229229228,5280639.617330881,-2634857.3331399355
2.9279279279279278,5189422.017544681,-2589295.8107381007
2.932932932932933,5144940.427245296,-2567078.2208115133
2.937937937937938,5028817.389442909,-2509077.7582894275
2.942942942942943,5391130.251365407,-2690045.927137814
2.947947947947948,5209738.0004952885,-2599443.2368315584
2.952952952952953,5015475.813596185,-2502414.030189121
2.957957957957958,4920119.433518672,-2454786.5747331157
2.962962962962963,5311835.535840458,-2650439.2175864396
2.967967967967968,5096641.315221338,-2542953.9754389846
2.972972972972973,5346684.513212505,-2667845.804812712
2.977977977977978,5120791.022577958,-2555016.158797632
2.982982982982983,5215711.834121899,-2602427.050857452
2.987987987987988,5198061.951464775,-2593611.2819543225
2.992992992992993,5128697.377458563,-2558965.1946057817
2.997997997997998,5083028.604897648,-2536154.775515956
3.003003003003003,5285770.167551326,-2637419.961295438
3.008008008008008,5261219.166048434,-2625157.1385669718
3.013013013013013,5146413.188684191,-2567813.831616571
3.018018018018018,5113704.601223122,-2551476.662959732
3.023023023023023,5216195.604298062,-2602668.6847548606
3.028028028028028,5305560.559819889,-2647304.959180797
3.033033033033033,5002510.457379488,-2495938.221825667
3.038038038038038,5151888.997678092,-2570548.8744947775
3.043043043043043,5305574.211761411,-2647311.7781231045
3.048048048048048,4980846.493448619,-2485117.7384918774
3.053053053053053,5395504.804448616,-2692230.9699169598
3.058058058058058,5239232.414768228,-2614175.141913688
3.063063063063063,4913319.210567236,-2451390.1000350825
3.068068068068068,5237922.250100902,-2613520.738393551
3.073073073073073,5075456.056614914,-2532372.4858752047
3.078078078078078,5035844.438832826,-2512587.5683188154
3.083083083083083,5148975.787503609,-2569093.791640985
3.088088088088088,5387290.565616275,-2688128.045655257
3.093093093093093,5154775.093157088,-2571990.4145933464
3.098098098098098,5075197.16281775,-2532243.17525311
3.103103103103103,5066573.106389712,-2527935.6885569463
3.108108108108108,5282822.373647756,-2635947.585013114
3.113113113113113,4965224.9139147075,-2477315.255750997
3.118118118118118,5180243.261402599,-2584711.2128859805
3.123123123123123,5310659.746873971,-2649851.928112967
3.128128128128128,5057298.935976421,-2523303.491540268
3.133133133133133,5049076.236565532,-2519196.479569897
3.138138138138138,5085217.204009018,-2537247.9240341103
3.143143143143143,5168978.000814308,-2579084.4552368787
3.148148148148148,5113343.668152296,-2551296.385701302
3.153153153153153,5051051.7048357455,-2520183.171260594
3.158158158158158,4985726.056146224,-2487554.9277255842
3.163163163163163,4961800.784032111,-2475605.013391146
3.168168168168168,5296963.635071519,-2643010.924574087
3.173173173173173,5103744.124163989,-2546501.6502597015
3.178178178178178,5291125.602398136,-2640094.917111539
3.183183183183183,5114532.450844812,-2551890.153663022
3.188188188188188,5039999.756637992,-2514663.031840839
3.193193193193193,5022207.965631262,-2505776.5426516565
3.198198198198198,5320645.847425718,-2654839.8421056285
3.203203203203203,5239065.609666821,-2614091.825782183
3.2082082082082084,5279326.307601869,-2634201.3560451847
3.2132132132132134,4967075.870377084,-2478239.7490245393
3.2182182182182184,4963040.275431704,-2476224.0992670762
3.2232232232232234,5213526.554099,-2601335.545666266
3.2282282282282284,4899091.624900733,-2444283.9243033505
3.2332332332332334,5233317.189231514,-2611220.594575261
3.2382382382382384,5139308.884902439,-2564265.394654015
3.2432432432432434,4938052.655922127,-2463743.6072342456
3.2482482482482484,5145939.892938392,-2567577.4311561184
3.2532532532532534,5100312.203133811,-2544787.4915054794
3.2582582582582584,5368257.697391504,-2678621.344267026
3.2632632632632634,4897115.689673646,-2443297.015431473
3.2682682682682684,4927912.217310893,-2458678.8021161957
3.2732732732732734,5167228.099108784,-2578210.417191948
3.2782782782782784,5182756.9753146935,-2585966.7603001865
3.2832832832832834,5108255.37190965,-2548754.906645669
3.2882882882882885,5320755.698365594,-2654894.7111012945
3.2932932932932935,5327471.7838157555,-2658249.302199393
3.2982982982982985,5196181.562223232,-2592672.065465844
3.3033033033033035,5229086.802257186,-2609107.5944517558
3.3083083083083085,5037253.746704162,-2513291.477572877
3.3133133133133135,4945148.2539143,-2467287.6210506507
3.3183183183183185,5038255.846464703,-2513791.998004638
3.3233233233233235,5052930.15772806,-2521121.4066459187
3.3283283283283285,5168857.400565677,-2579024.218016769
3.3333333333333335,5265776.762185183,-2627433.580881538
3.3383383383383385,5030598.086957977,-2509967.1654824894
3.3433433433433435,5368624.795498777,-2678804.7054368663
3.3483483483483485,5111180.059337451,-2550215.716052479
3.3533533533533535,5263426.670283503,-2626259.7495309617
3.3583583583583585,5234819.896362617,-2611971.169233235
3.3633633633633635,5230706.981607915,-2609916.843994565
3.3683683683683685,5120451.94292747,-2554846.796665942
3.3733733733733735,5317115.8970489595,-2653076.6819721153
3.3783783783783785,4973745.647721147,-2481571.089999704
3.3833833833833835,5287444.678099517,-2638256.352933724
3.3883883883883885,5296141.096496869,-2642600.0791160087
3.3933933933933935,5062792.229234643,-2526047.2422473165
3.3983983983983985,5293164.896022109,-2641113.512699764
3.4034034034034035,5039272.41252167,-2514299.7439952972
3.4084084084084085,4951054.224119987,-2470237.4576566173
3.4134134134134135,5201495.90702213,-2595326.4739301177
3.4184184184184185,5367199.970577668,-2678093.0222492153
3.4234234234234235,4909052.35908134,-2449258.9575009877
3.4284284284284285,4960656.23342582,-2475033.3474448114
3.4334334334334335,5211845.763015271,-2600496.023124377
3.4384384384384385,5321833.54508303,-2655433.0803708774
3.4434434434434436,5318084.455907886,-2653560.463321168
3.4484484484484486,5365285.908908463,-2677136.971247576
3.4534534534534536,4952482.365922736,-2470950.7674917486
3.4584584584584586,5302613.396470342,-2645832.895011183
3.4634634634634636,5242531.500648993,-2615822.975930182
3.4684684684684686,4920243.575961326,-2454848.5795860947
3.4734734734734736,5025440.921270876,-2507391.3100079764
3.4784784784784786,4941217.993347123,-2465324.587047044
3.4834834834834836,5242747.527255911,-2615930.8773507886
3.4884884884884886,5089517.943590018,-2539396.032682383
3.4934934934934936,5372036.189221373,-2680508.6566262376
3.4984984984984986,4942839.3031110605,-2466134.3770713164
3.5035035035035036,5289949.8696273,-2639507.6568899234
3.5085085085085086,5228863.76717739,-2608996.1925753136
3.5135135135135136,5141064.476843824,-2565142.2723652334
3.5185185185185186,5045222.396813513,-2517271.5939323767
3.5235235235235236,5336601.755368388,-2662809.599256995
3.5285285285285286,5119103.00086296,-2554173.03260052
3.5335335335335336,5257662.940151512,-2623380.8644876895
3.5385385385385386,4997857.030098774,-2493613.9759926144
3.5435435435435436,5055358.3593530385,-2522334.2266262714
3.5485485485485486,5035230.638718464,-2512280.992627638
3.5535535535535536,5052002.351203837,-2520657.992866111
3.5585585585585586,5314480.344024849,-2651760.2610202464
3.5635635635635636,5057582.537265972,-2523445.1426392905
3.5685685685685686,5148388.404258643,-2568800.406994768
3.5735735735735736,5158340.160912266,-2573771.086730461
3.5785785785785786,5206582.650047302,-2597867.2012030627
3.5835835835835836,5255700.882244676,-2622400.8503501574
3.5885885885885886,4964836.3957467545,-2477121.203434222
3.5935935935935936,5019615.823425052,-2504481.8433738593
3.5985985985985987,5216948.37655776,-2603044.680041755
3.6036036036036037,4920705.751356909,-2455079.420205585
3.6086086086086087,5212605.970214745,-2600875.7318563787
3.6136136136136137,5248350.706198098,-2618729.5656710267
3.6186186186186187,5004141.03124499,-2496752.644303452
3.6236236236236237,5006157.061577107,-2497759.590858017
3.6286286286286287,5085631.017549795,-2537454.6131977336
3.6336336336336337,5326461.700342143,-2657744.7794401185
3.6386386386386387,5394190.572020478,-2691574.5246895235
3.6436436436436437,4971483.446577139,-2480441.192440108
3.6486486486486487,5223448.918098717,-2606291.576872449
3.6536536536536537,5394002.67027101,-2691480.6697554598
3.6586586586586587,5133617.574220917,-2561422.717222803
3.6636636636636637,5025480.171062293,-2507410.914141134
3.6686686686686687,5362912.802692484,-2675951.63320611
3.6736736736736737,4923258.418078056,-2456354.389123182
3.6786786786786787,5313419.6415213235,-2651230.4554209793
3.6836836836836837,5346148.051772195,-2667577.849222849
3.6886886886886887,5260670.390587736,-2624883.0345593304
3.6936936936936937,5297333.371905205,-2643195.602487444
3.6986986986986987,5004448.929398853,-2496906.43016281
3.7037037037037037,4982488.944426257,-2485938.0913382713
3.7087087087087087,5118432.242880188,-2553838.005181253
3.7137137137137137,4902489.837587541,-2445981.2103224457
3.7187187187187187,4911290.634076784,-2450376.897165362
3.7237237237237237,5139808.839949349,-2564515.110660835
3.7287287287287287,5141170.352216845,-2565195.1546788174
3.7337337337337337,4896511.6673448505,-2442995.3279557377
3.7387387387387387,5389635.157453226,-2689299.1438239873
3.7437437437437437,5039088.537629576,-2514207.9036838063
3.7487487487487487,5142767.382501965,-2565992.83464209
3.7537537537537538,5123918.223360282,-2556578.1206669565
3.7587587587587588,5338061.400604124,-2663538.6726425383
3.7637637637637638,4939785.145863439,-2464608.9277492957
3.7687687687687688,5076978.02700922,-2533132.6700080195
3.7737737737737738,5277474.441038845,-2633276.378613818
3.7787787787787788,4942762.57755388,-2466096.0552173574
3.7837837837837838,5041095.897971477,-2515210.5235337038
3.7887887887887888,5127521.216979716,-2558377.7302791583
3.793793793793794,5228734.826776731,-2608931.7892431347
3.798798798798799,5071896.660101429,-2530594.6615178986
3.803803803803804,5268621.562455982,-2628854.5110986335
3.808808808808809,5195861.652064395,-2592512.276813447
3.813813813813814,5131762.330462173,-2560496.066434028
3.818818818818819,5269613.921691378,-2629350.1780541893
3.823823823823824,5148912.562082912,-2569062.2119724527
3.828828828828829,4924509.363368493,-2456979.1932464065
3.833833833833834,5319054.322511769,-2654044.897915639
3.838838838838839,5060509.421397314,-2524907.041574995
3.843843843843844,5123438.284181955,-2556338.4025132735
3.848848848848849,4944023.658590609,-2466725.9231282216
3.853853853853854,5067600.104048051,-2528448.6463558334
3.858858858858859,5109964.067810381,-2549608.35815145
3.863863863863864,5092844.298349878,-2541057.461864466
3.868868868868869,5074589.306067674,-2531939.566855301
3.873873873873874,5052827.684524299,-2521070.2241035537
3.878878878878879,5007207.034281051,-2498284.0207495587
3.883883883883884,5209749.207321043,-2599448.8344219867
3.888888888888889,5071265.163107907,-2530279.245551184
3.893893893893894,5385084.825451205,-2687026.3026271635
3.898898898898899,5244946.409321821,-2617029.179686634
3.903903903903904,5292339.81829128,-2640701.3991245367
3.908908908908909,5252070.916459678,-2620587.745448642
3.913913913913914,5149201.546385202,-2569206.553101088
3.918918918918919,4969437.722044061,-2479419.4183019116
3.923923923923924,4970573.137003235,-2479986.521822488
3.928928928928929,5174677.16092729,-2581931.0634895316
3.933933933933934,5244388.901679429,-2616750.7145497086
3.938938938938939,5167562.812161999,-2578377.5991089684
3.943943943943944,5061231.140234506,-2525267.5205531097
3.948948948948949,4973417.372734537,-2481407.127062269
3.953953953953954,5258878.44105516,-2623987.9863529406
3.958958958958959,5393702.891315351,-2691330.9333450925
3.963963963963964,5233761.076725104,-2611442.3082274413
3.968968968968969,5367584.4268344985,-2678285.053590564
3.973973973973974,5056903.5537672015,-2523106.0089315893
3.978978978978979,5119337.101456023,-2554289.9602006297
3.983983983983984,5004255.040974218,-2496809.5887306407
3.988988988988989,5041673.897496962,-2515499.2180266497
3.993993993993994,4900368.902636898,-2444921.878896641
3.998998998998999,5332731.9800336175,-2660876.698431876
4.004004004004004,4931183.013101008,-2460312.453058388
4.009009009009009,5319862.418754449,-2654448.5305468948
4.014014014014014,4962830.586307999,-2476119.3663241593
4.019019019019019,5256484.289832313,-2622792.1489270716
4.024024024024024,5276359.874845015,-2632719.6708866353
4.029029029029029,5388779.895091911,-2688871.9495293917
4.034034034034034,5067743.155943171,-2528520.096946903
4.039039039039039,5226877.079163475,-2608003.878951035
4.044044044044044,4973823.311443101,-2481609.8805648694
4.049049049049049,5044783.298191844,-2517052.2764478135
4.054054054054054,5339310.554822938,-2664162.608645483
4.059059059059059,5122761.366147816,-2556000.298147016
4.064064064064064,5238930.083926752,-2614024.1331269974
4.069069069069069,4901478.199088143,-2445475.9329122794
4.074074074074074,5229555.2364983605,-2609341.568655703
4.079079079079079,5249862.682546517,-2619484.7712565195
4.084084084084084,5197182.018489209,-2593171.77316403
4.089089089089089,4941254.707034111,-2465342.9243047307
4.094094094094094,5382262.274447952,-2685616.4696850074
4.099099099099099,4930386.575933076,-2459914.6598032117
4.104104104104104,4993686.531674161,-2491530.939456993
4.109109109109109,5161151.636961935,-2575175.3570072246
4.114114114114114,4992838.609377143,-2491107.4282904803
4.119119119119119,4904747.010418031,-2447108.5879841284
4.124124124124124,5292903.483003953,-2640982.9409336653
4.129129129129129,4929073.327745576,-2459258.7371107037
4.134134134134134,5069477.22456739,-2529386.2178756017
4.1391391391391394,5387324.059048177,-2688144.775259039
4.1441441441441444,5189278.940384858,-2589224.3466391196
4.1491491491491495,5001207.736374326,-2495287.5520668514
4.1541541541541545,5382288.668574335,-2685629.653256842
4.1591591591591595,5038306.533370187,-2513817.3146789037
4.1641641641641645,5397465.553034413,-2693210.3432936985
4.1691691691691695,5320005.789041907,-2654520.1419787733
4.1741741741741745,5230378.064870077,-2609752.5561725697
4.1791791791791795,4946311.921821966,-2467868.8344996963
4.1841841841841845,5270208.515876694,-2629647.1679970087
4.1891891891891895,5044981.537379897,-2517151.291378336
4.1941941941941945,5373766.69957678,-2681373.026482363
4.1991991991991995,5347596.806592749,-2668301.4836545917
4.2042042042042045,5122599.666164068,-2555919.532876445
4.2092092092092095,5339165.280274846,-2664090.045927193
4.2142142142142145,5158018.772787935,-2573610.5604763823
4.2192192192192195,5361772.191207837,-2675381.9115698966
4.2242242242242245,4948368.419306277,-2468895.98683035
4.2292292292292295,5286580.32308032,-2637824.621201758
4.2342342342342345,4938421.315426851,-2463927.7402565335
4.2392392392392395,5271041.677232462,-2630063.3183174296
4.2442442442442445,5390613.421813855,-2689787.776328722
4.2492492492492495,4897905.655984097,-2443691.5752829057
4.2542542542542545,5017182.857694493,-2503266.648416073
4.2592592592592595,5011362.7739575775,-2500359.6887173797
4.2642642642642645,4905329.712798305,-2447399.627172628
4.2692692692692695,5362238.292810595,-2675614.7236735597
4.2742742742742745,5286439.127845598,-2637754.0964071015
4.2792792792792795,5106349.884360149,-2547803.1627364676
4.2842842842842845,5034018.3251261795,-2511675.476543288
4.2892892892892895,4979715.692550557,-2484552.9389266553
4.2942942942942945,5397898.316010832,-2693426.5038910527
4.2992992992992995,5241965.579196515,-2615540.3083125935
4.3043043043043046,5282698.767344297,-2635885.8456350584
4.3093093093093096,5296926.568408838,-2642992.410341368
4.314314314314315,5095837.127069999,-2542552.30380236
4.31931931931932,4951270.850085442,-2470345.655190869
4.324324324324325,5027934.099853452,-2508636.580606173
4.32932932932933,4941009.810445429,-2465220.6066577923
4.334334334334335,5298357.956393733,-2643707.366858756
4.33933933933934,5392595.997934468,-2690778.051872472
4.344344344344345,5381706.154898012,-2685338.6941782087
4.34934934934935,5267678.47919078,-2628383.4567164895
4.354354354354355,5360770.949503841,-2674881.8035040763
4.35935935935936,5083633.59180392,-2536456.9507669783
4.364364364364365,5277517.084242608,-2633297.6782033117
4.36936936936937,5336598.864130708,-2662808.155122322
4.374374374374375,5025170.181340668,-2507256.0832624407
4.37937937937938,5096618.653997666,-2542942.6567306058
4.384384384384385,5090415.168594854,-2539844.1735832896
4.38938938938939,5027917.774626059,-2508628.426626159
4.394394394394395,5067151.004491737,-2528224.333160039
4.3993993993994,5164980.494990251,-2577087.787785685
4.404404404404405,5370795.702226111,-2679889.047844111
4.40940940940941,5278207.833151079,-2633642.696105892
4.414414414414415,5058130.9203394195,-2523719.0450201104
4.41941941941942,5119802.804705246,-2554522.567749953
4.424424424424425,5027202.0950981965,-2508270.9653669046
4.42942942942943,5118037.668152616,-2553640.9246412325
4.434434434434435,5386463.090222923,-2687714.7307419046
4.43943943943944,5395642.337079434,-2692299.666019256
4.444444444444445,5292777.592902621,-2640920.060773102
4.44944944944945,5288226.981125237,-2638647.1010174
4.454454454454455,4908170.827376596,-2448818.6634833263
4.45945945945946,5087803.863040745,-2538539.8934823642
4.464464464464465,5038525.693046497,-2513926.7787340265
4.46946946946947,5111560.115359286,-2550405.544716151
4.474474474474475,5077101.3654162,-2533194.274299607
4.47947947947948,5248128.936506614,-2618618.7956212536
4.484484484484485,5187913.925550016,-2588542.5498519787
4.48948948948949,5187820.274566329,-2588495.7731185085
4.494494494494495,4965571.682403909,-2477488.455454175
4.4994994994995,5073648.121686889,-2531469.4701444
4.504504504504505,5102770.572797016,-2546015.385629778
4.50950950950951,5117179.217819035,-2553212.1494748737
4.514514514514515,5096926.128549964,-2543096.2324992
4.51951951951952,5154547.232112859,-2571876.603086124
4.524524524524525,5177111.180537958,-2583146.8045839816
4.52952952952953,5306907.609750658,-2647977.7906856067
4.534534534534535,5088891.884696393,-2539083.332330738
4.53953953953954,4922979.822671943,-2456215.240316822
4.544544544544545,5271330.678042284,-2630207.6694510924
4.54954954954955,5088174.321480228,-2538724.9279430364
4.554554554554555,5386863.9182772385,-2687914.9399692896
4.55955955955956,4934643.203187406,-2462040.700622565
4.564564564564565,5297255.261783101,-2643156.5876713563
4.56956956956957,5245702.250118891,-2617406.7087260657
4.574574574574575,4961664.202908763,-2475536.795541338
4.57957957957958,5058310.143333036,-2523808.5620181547
4.584584584584585,5100293.850950914,-2544778.325050568
4.58958958958959,4965785.856696305,-2477595.428625448
4.594594594594595,5330400.450215156,-2659712.1309380913
4.5995995995996,4927722.51146798,-2458584.0505356234
4.604604604604605,5354282.389222902,-2671640.8476426816
4.60960960960961,5318910.825251553,-2653973.2230692618
4.614614614614615,4927784.0872957185,-2458614.8055554642
4.61961961961962,5303105.456779886,-2646078.6717729853
4.624624624624625,5274747.003490416,-2631914.0679255095
4.62962962962963,5129437.090424859,-2559334.663764117
4.634634634634635,5277505.894395518,-2633292.089055948
4.63963963963964,5172883.956762156,-2581035.396289446
4.644644644644645,5036737.621299731,-2513033.6875804528
4.64964964964965,5104039.7915174095,-2546649.3287391975
4.654654654654655,4994701.917515644,-2492038.0935751456
4.65965965965966,4903268.926056042,-2446370.3373104325
4.664664664664665,5270752.970259194,-2629919.113954361
4.66966966966967,5063639.394522578,-2526470.378427519
4.674674674674675,4985769.09704109,-2487576.4253145326
4.67967967967968,4962269.794514798,-2475839.268952401
4.684684684684685,5390792.667583633,-2689877.307663791
4.68968968968969,5378314.359728215,-2683644.530674206
4.694694694694695,5374659.928273903,-2681819.1839147834
4.6996996996997,5303180.398936534,-2646116.1042598854
4.704704704704705,5359004.788065288,-2673999.627441556
4.70970970970971,5310193.364125425,-2649618.9767374867
4.714714714714715,5323269.412979376,-2656150.2762689656
4.71971971971972,5255135.869795723,-2622118.6363966316
4.724724724724725,4992900.348966393,-2491138.26531937
4.72972972972973,4906006.099450641,-2447737.458358176
4.734734734734735,4935740.383552517,-2462588.7051293002
4.73973973973974,5221557.424181644,-2605346.8114287695
4.744744744744745,5258211.258498117,-2623654.7400935492
4.74974974974975,4964663.965223338,-2477035.079941668
4.754754754754755,5066688.757489012,-2527993.453177966
4.75975975975976,5229528.047812762,-2609327.9884118834
4.764764764764765,5160396.293667383,-2574798.0796522
4.76976976976977,5228588.215151352,-2608858.559463848
4.774774774774775,4930530.194589481,-2459986.3924308605
4.77977977977978,5040031.571950961,-2514678.922691819
4.784784784784785,5262112.937602849,-2625603.5622865227
4.78978978978979,5382801.776394758,-2685885.9448985895
4.794794794794795,5142602.232824733,-2565910.346163757
4.7997997997998,5201921.387721068,-2595538.9930525837
4.804804804804805,5039373.992781497,-2514350.480464738
4.80980980980981,5239592.499730507,-2614354.9978449475
4.814814814814815,5262593.353395133,-2625843.5218358673
4.81981981981982,5093781.865240865,-2541525.7526657754
4.824824824824825,5030663.638273665,-2509999.906482495
4.82982982982983,5016104.888821715,-2502728.234709904
4.834834834834835,5308523.600801,-2648784.954415571
4.83983983983984,5112717.922549554,-2550983.841063137
4.844844844844845,5273214.275346505,-2631148.495310237
4.84984984984985,4973842.546285238,-2481619.4877583245
4.854854854854855,5270533.441949978,-2629809.463193735
4.85985985985986,4930498.062496454,-2459970.3435446206
4.864864864864865,5343660.991767412,-2666335.594917574
4.86986986986987,4903763.905068238,-2446617.5617442885
4.874874874874875,5349606.3727523,-2669305.2363162907
4.87987987987988,5321406.883544223,-2655219.968928848
4.884884884884885,5279895.720688801,-2634485.768716951
4.88988988988989,4958152.633347382,-2473782.8805631557
4.894894894894895,4920464.961866645,-2454959.15418472
4.8998998998999,5290392.117607907,-2639728.5528658214
4.904904904904905,5131847.456072406,-2560538.584677988
4.90990990990991,5043978.408554667,-2516650.2566045215
4.914914914914915,5211077.0250891065,-2600112.053489355
4.91991991991992,5373538.107777817,-2681258.847521281
4.924924924924925,5204031.567347685,-2596592.985820039
4.92992992992993,5206432.856948412,-2597792.382502042
4.934934934934935,4925230.946232561,-2457339.5990934647
4.93993993993994,5017169.177950209,-2503259.8157862825
4.944944944944945,5119329.048433636,-2554285.9379101265
4.94994994994995,5034714.588877847,-2512023.240431969
4.954954954954955,5213024.588466827,-2601084.8235555193
4.95995995995996,5224826.1273312215,-2606979.4669530387
4.964964964964965,4906555.456655593,-2448011.8428505715
4.96996996996997,5274178.107519134,-2631629.913687947
4.974974974974975,4922657.819133465,-2456054.4106492205
4.97997997997998,4964822.02244343,-2477114.0244321064
4.984984984984985,5253200.025840384,-2621151.715915971
4.98998998998999,5035631.258078044,-2512481.0905957115
4.994994994994995,5243898.360176096,-2616505.6978191184
5.0,5260209.889445583,-2624653.0220836257
